[
  {
    "url": "https://www.dospara.co.jp/note/tfc-laptop-good-purchase.html",
    "name": "ノートパソコンを「買ってよかった」と思える理由とおすすめモデルを徹底紹介",
    "price": null,
    "description": null,
    "specs": {
      "項目": "選定のポイント",
      "OS": "Windows、macOSなどから自分の使い方や好みに合うものを選ぶ",
      "CPU": "Intel(Core i3/i5/i7)やAMD(Ryzen 3/5/7)の世代もチェック",
      "メモリ": "8GBあれば普段使いは十分。余裕があれば16GB以上がおすすめ",
      "ストレージ": "SSDなら起動やアプリの動作が高速。容量不足には要注意"
    }
  },
  {
    "url": "https://www.dospara.co.jp/note/tfc-laptop-disposal-method.html",
    "name": "ノートパソコンの正しい廃棄手順と捨て方：知らないと損するポイントとは？",
    "price": null,
    "description": null,
    "specs": {}
  },
  {
    "url": "https://www.dospara.co.jp/note/choice-campus-pc.html",
    "name": "",
    "price": null,
    "description": null,
    "specs": {}
  },
  {
    "url": "https://www.dospara.co.jp/note/tfc-laptop-rental.html",
    "name": "ノートパソコンレンタルで快適作業を実現！失敗しない選び方と活用ポイントとは",
    "price": null,
    "description": null,
    "specs": {}
  },
  {
    "url": "https://www.dospara.co.jp/note/tfc-laptop-inch-size.html",
    "name": "ノートパソコンのインチ数はどう選ぶ？最適な画面サイズと選び方ガイド",
    "price": null,
    "description": null,
    "specs": {
      "解像度": "特徴",
      "フルHD(1080p)": "一般的に価格が手頃でバランスが良い",
      "WQHD以上": "映像の精細度が高く、クリエイティブ作業に向く"
    }
  },
  {
    "url": "https://www.dospara.co.jp/note/tfc-laptop-rack.html",
    "name": "ノートパソコンラックの選び方と活用術｜在宅ワーク・オフィスでの快適な使い方を紹介",
    "price": null,
    "description": null,
    "specs": {}
  },
  {
    "url": "https://www.dospara.co.jp/note/office-pipc.html",
    "name": null,
    "price": "",
    "description": null,
    "specs": {}
  },
  {
    "url": "https://www.dospara.co.jp/desktop/ranking-desk.html",
    "name": "デスクトップパソコンおすすめランキング18選",
    "price": null,
    "description": null,
    "specs": {
      "OS：": "",
      "CPU：": "",
      "グラフィック：": "",
      "メモリ：": "",
      "ストレージ：": ""
    }
  },
  {
    "url": "https://www.dospara.co.jp/desktop/str_desk_pwrcons.html",
    "name": "デスクトップパソコン、ノートパソコンの消費電力、ワット数をご紹介",
    "price": null,
    "description": null,
    "specs": {
      "OS": "Windows 11 Home",
      "CPU": "Ryzen 5 7500F",
      "グラフィックス": "GeForce RTX 5060",
      "メモリ": "16GBメモリ DDR5",
      "ストレージ": "500GB Gen4 SSD",
      "ベンチマーク": "12618"
    }
  },
  {
    "url": "https://www.dospara.co.jp/note/lightweight-14inch.html",
    "name": "軽量ノートパソコン特集1kg以下も！おすすめモデルをご紹介",
    "price": null,
    "description": null,
    "specs": {}
  },
  {
    "url": "https://www.dospara.co.jp/note/str_note_spec.html",
    "name": "初心者必見!ノートパソコンの選び方完全ガイド",
    "price": null,
    "description": null,
    "specs": {}
  },
  {
    "url": "https://www.dospara.co.jp/desktop/str_desk_case.html",
    "name": "種類別 デスクトップパソコンのケースの開け方",
    "price": null,
    "description": null,
    "specs": {
      "OS": "Windows 11 Home",
      "CPU": "Ryzen 5 7500F",
      "グラフィックス": "GeForce RTX 5060",
      "メモリ": "16GBメモリ DDR5",
      "ストレージ": "500GB Gen4 SSD",
      "ベンチマーク": "12618"
    }
  },
  {
    "url": "https://www.dospara.co.jp/note/tfc-laptop-recommend-portable.html",
    "name": "ノートパソコンを持ち運ぶメリットと選び方を徹底解説",
    "price": null,
    "description": null,
    "specs": {}
  },
  {
    "url": "https://www.dospara.co.jp/note/best-value-notepc.html",
    "name": "安いノートパソコンで大丈夫？コスパ重視のおすすめパソコンと選び方を解説",
    "price": null,
    "description": null,
    "specs": {
      "パーツ・スペック": "推奨スペック",
      "OS": "Windows 11 Home",
      "CPU": "インテル Core i7 / Ultra 7 以上AMD Ryzen 7 以上",
      "グラフィックス（GPU）": "NVIDIA GeForce RTX 3050 以上",
      "メモリ": "最低 16GB、できれば 32GB 以上",
      "ストレージ": "1TB 以上",
      "その他": "高解像度のディスプレイ"
    }
  },
  {
    "url": "https://www.dospara.co.jp/note/tfc-laptop-no-sleep-when-closed-windows11.html",
    "name": "ノートパソコンを閉じてもスリープさせないWindows11の設定方法",
    "price": null,
    "description": null,
    "specs": {}
  },
  {
    "url": "https://www.dospara.co.jp/note/tfc-laptop-right-click.html",
    "name": "ノートパソコンの右クリックが反応しないときに試したい解決策一覧",
    "price": null,
    "description": null,
    "specs": {}
  },
  {
    "url": "https://www.dospara.co.jp/note/tfc-laptop-power-consumption.html",
    "name": "ノートパソコンの消費電力をおさえて、快適＆エコなPCライフを実現する方法",
    "price": null,
    "description": null,
    "specs": {}
  },
  {
    "url": "https://www.dospara.co.jp/note/tfc-laptop-outdated-model-new.html",
    "name": "ノートパソコン型落ち新品の魅力と賢い選び方ポイント",
    "price": null,
    "description": null,
    "specs": {}
  },
  {
    "url": "https://www.dospara.co.jp/desktop/str_desk_replace.html",
    "name": "デスクトップパソコンは買い替えかアップグレードか",
    "price": null,
    "description": null,
    "specs": {
      "OS": "Windows 11 Home",
      "CPU": "Ryzen 5 7500F",
      "グラフィックス": "GeForce RTX 5060",
      "メモリ": "16GBメモリ DDR5",
      "ストレージ": "500GB Gen4 SSD",
      "ベンチマーク": "12618"
    }
  },
  {
    "url": "https://www.dospara.co.jp/note/tfc-laptop-cpu-comparison.html",
    "name": "ノートパソコンCPUの比較とおすすめを徹底解説",
    "price": null,
    "description": null,
    "specs": {}
  },
  {
    "url": "https://www.dospara.co.jp/note/tfc-laptop-mouse.html",
    "name": "ノートパソコンに最適なマウスの選び方と人気のおすすめモデルを紹介",
    "price": null,
    "description": null,
    "specs": {}
  },
  {
    "url": "https://www.dospara.co.jp/note/notepc-high-spec.html",
    "name": "高性能ノートパソコンとは？選び方やAI・グラボ搭載おすすめモデルをご紹介",
    "price": null,
    "description": null,
    "specs": {
      "パーツ": "推奨スペック",
      "OS": "Windows 11 Pro",
      "CPU": "インテル Core i9 / Ultra 9 以上",
      "グラフィックス（GPU）": "NVIDIA RTX 搭載",
      "メモリ": "64GB 以上",
      "ストレージ": "1TB 以上",
      "その他": "4K以上の解像度"
    }
  },
  {
    "url": "https://www.dospara.co.jp/note/tfc-laptop-as-desktop.html",
    "name": "ノートパソコンをデスクトップ化して作業効率を最大化しよう",
    "price": null,
    "description": null,
    "specs": {}
  },
  {
    "url": "https://www.dospara.co.jp/note/tfc-laptop-cannot-type.html",
    "name": "ノートパソコンで文字が打てないときに確認すべき原因と解決策",
    "price": null,
    "description": null,
    "specs": {
      "原因": "対処法",
      "内蔵キーボードのみ入力不可": "ドライバー更新・キーボード自体の故障を疑う",
      "外部キーボードも含めて入力不可": "OSや常駐ソフトの問題、BIOS設定の見直しが必要",
      "どちらも一部キーだけ反応が悪い": "特定のキー故障、配列設定、物理トラブルを点検"
    }
  },
  {
    "url": "https://www.dospara.co.jp/note/tfc-laptop-recommend-beginners-women.html",
    "name": "初心者でも安心！女性に最適なノートパソコンの選び方を知ろう",
    "price": null,
    "description": null,
    "specs": {}
  },
  {
    "url": "https://www.dospara.co.jp/note/str_note_work.html",
    "name": "ノートパソコンとデスクトップパソコンの比較、仕事でのメリットとデメリットを紹介",
    "price": null,
    "description": null,
    "specs": {
      "OS": "Windows 11 Home",
      "CPU": "Core i7-1355U",
      "グラフィックス": "インテル UHD",
      "メモリ": "8GBメモリ",
      "ストレージ": "500GB NVMe SSD",
      "ディスプレイ": "15.6インチ液晶 （1920x1080）"
    }
  },
  {
    "url": "https://www.dospara.co.jp/note/tfc-laptop-recommend-working.html",
    "name": "社会人向けノートパソコンおすすめモデル一覧と選び方のコツ",
    "price": null,
    "description": null,
    "specs": {}
  },
  {
    "url": "https://www.dospara.co.jp/note/tfc-laptop-cleaning.html",
    "name": "ノートパソコン掃除の準備・基礎知識",
    "price": null,
    "description": null,
    "specs": {
      "道具": "選び方のポイント",
      "エアダスター": "ノンフロンタイプで環境にやさしい製品を選ぶ、・勢いが強すぎないものを選ぶ",
      "ブラシ": "静電気が起きにくいタイプ、・毛先が柔らかくノートパソコンの隙間に入りやすい形状",
      "クリーニングクロス": "マイクロファイバー素材がおすすめ、・使い捨てではなく洗って繰り返し使えるタイプで経済的"
    }
  },
  {
    "url": "https://www.dospara.co.jp/note/tfc-laptop-high-performance-cheap.html",
    "name": "安くて高性能なノートパソコンはある？薄型・軽量モデルを徹底比較",
    "price": null,
    "description": null,
    "specs": {
      "用途": "必要スペックの目安",
      "オフィス作業": "CPU：Core i3 / Ryzen 3以上",
      "Webブラウジング": "CPU：Celeron / Pentium程度でも可メモリ：4GB以上",
      "動画視聴": "CPU：Core i3 / Ryzen 3以上メモリ：8GBフルHD対応ディスプレイ",
      "動画編集や画像加工": "CPU：Core i5 / Ryzen 5以上メモリ：16GBSSD：512GB以上",
      "軽めのゲーム": "CPU：Core i5 / Ryzen 5以上メモリ：8GB以上GPU：内蔵GPUでもOK"
    }
  },
  {
    "url": "https://www.dospara.co.jp/note/ranking-note.html",
    "name": "ノートパソコンおすすめランキング9選",
    "price": null,
    "description": null,
    "specs": {
      "OS：": "",
      "画面サイズ：": "",
      "CPU：": "",
      "グラフィック：": "",
      "メモリ：": "",
      "ストレージ：": ""
    }
  },
  {
    "url": "https://www.dospara.co.jp/note/tfc-laptop-stand.html",
    "name": "ノートパソコン スタンドで作業環境を効率化する方法とは？",
    "price": null,
    "description": null,
    "specs": {}
  },
  {
    "url": "https://www.dospara.co.jp/desktop/str_desk_location.html",
    "name": "デスクトップパソコンの置き場所とその良し悪し",
    "price": null,
    "description": null,
    "specs": {
      "OS": "Windows 11 Home",
      "CPU": "Ryzen 5 7500F",
      "グラフィックス": "GeForce RTX 5060",
      "メモリ": "16GBメモリ DDR5",
      "ストレージ": "500GB Gen4 SSD",
      "ベンチマーク": "12618"
    }
  },
  {
    "url": "https://www.dospara.co.jp/note/biz-contents-choose-notepc-stand.html",
    "name": "ノートパソコン台の選び方とおすすめモデル｜長時間使用の負担を軽減！",
    "price": null,
    "description": null,
    "specs": {}
  },
  {
    "url": "https://www.dospara.co.jp/note/biz-contents-choose-windows-notepc.html",
    "name": "Windows搭載ノートパソコンおすすめモデルと選び方ガイド",
    "price": null,
    "description": null,
    "specs": {
      "CPU": "Intel Core i7 / AMD Ryzen 7 以上",
      "メモリ": "16GB または 32GB 以上",
      "ストレージ": "SSD 256GB 以上",
      "特徴": "ゲームや動画編集など、高負荷な作業に対応するハイスペックモデルが必要。",
      "おすすめの人": "ゲームや動画編集デザイン作業、写真加工を本格的に行いたい人",
      "おすすめPC": "GALLERIA R または X シリーズ",
      "ディスプレイ": "WQHD（2560×1440）、120Hz 以上",
      "GPU": "専用グラフィックス（グラボ）"
    }
  },
  {
    "url": "https://www.dospara.co.jp/note/tfc-laptop-cable-organization.html",
    "name": "ノートパソコンをすっきり収納するための工夫とアイデア",
    "price": null,
    "description": null,
    "specs": {}
  },
  {
    "url": "https://www.dospara.co.jp/note/tfc-laptop-recommend-manufacturer.html",
    "name": "ノートパソコンおすすめメーカーの選び方とドスパラの魅力",
    "price": null,
    "description": null,
    "specs": {}
  },
  {
    "url": "https://www.dospara.co.jp/note/tfc-laptop-tablet.html",
    "name": "ノートパソコンとタブレットを使いこなす！メリット・デメリットを比較して最適な一台を見つけよう",
    "price": null,
    "description": null,
    "specs": {}
  },
  {
    "url": "https://www.dospara.co.jp/note/tfc-laptop-keyboard.html",
    "name": "ノートパソコン キーボードで作業効率をアップするメリット",
    "price": null,
    "description": null,
    "specs": {}
  },
  {
    "url": "https://www.dospara.co.jp/note/tfc-laptop-used-with-office.html",
    "name": "ノートパソコンの中古 オフィス付きのメリットと失敗しない選び方ガイド",
    "price": null,
    "description": null,
    "specs": {}
  },
  {
    "url": "https://www.dospara.co.jp/note/tfc-laptop-pink.html",
    "name": "ノートパソコンのピンク色が選ばれる理由とは？カラー選択で広がる可能性を解説",
    "price": null,
    "description": null,
    "specs": {
      "アクセサリ": "カラーコーデのポイント",
      "ワイヤレスマウス": "ピンクと同系色orホワイトで統一",
      "ヘッドホン・イヤホン": "パステルピンクやローズゴールドがおすすめ",
      "デスクライト": "メタリックピンクでスタイリッシュに"
    }
  },
  {
    "url": "https://www.dospara.co.jp/note/tfc-laptop-blackscreen-power-on.html",
    "name": "ノートパソコンの電源はつくのに画面が真っ暗になる原因と対処法",
    "price": null,
    "description": null,
    "specs": {}
  },
  {
    "url": "https://www.dospara.co.jp/note/tfc-laptop-power-on-when-closed.html",
    "name": "ノートパソコンを閉じたまま電源をオンにするには？安全・快適に使うための設定ガイド",
    "price": null,
    "description": null,
    "specs": {}
  },
  {
    "url": "https://www.dospara.co.jp/note/biz-contents-notepc-movie-edit.html",
    "name": "【2024年版】動画編集に最適なノートパソコンの選び方ガイド",
    "price": null,
    "description": null,
    "specs": {}
  },
  {
    "url": "https://www.dospara.co.jp/note/tfc-laptop-cheap-and-new.html",
    "name": "ノートパソコンの新品を安く賢く選ぶためのポイント解説！価格と性能を両立する秘訣とは",
    "price": null,
    "description": null,
    "specs": {}
  },
  {
    "url": "https://www.dospara.co.jp/note/notepc-size.html",
    "name": "ノートパソコンのサイズとは？インチ別比較やおすすめの選び方を解説",
    "price": null,
    "description": null,
    "specs": {}
  },
  {
    "url": "https://www.dospara.co.jp/note/tfc-laptop-cooling.html",
    "name": "ノートパソコンの冷却術とクーラー活用方法",
    "price": null,
    "description": null,
    "specs": {}
  },
  {
    "url": "https://www.dospara.co.jp/note/tfc-laptop-factory-reset.html",
    "name": "ノートパソコンを初期化するための方法ガイド：安全に行うためのポイントと手順",
    "price": null,
    "description": null,
    "specs": {}
  },
  {
    "url": "https://www.dospara.co.jp/note/tfc-laptop-where-to-buy-used.html",
    "name": "中古ノートパソコンはどこで買う？目的別に最適な購入先を解説します。",
    "price": null,
    "description": null,
    "specs": {}
  },
  {
    "url": "https://www.dospara.co.jp/note/recommend-notepc-microsoft-office.html",
    "name": "【2025年】Office付きノートパソコンおすすめ5選！お得な購入方法の解説",
    "price": null,
    "description": null,
    "specs": {
      "Word（ワード）": "文書作成ソフト。レポートや契約書、ビジネス文書などを作成可能。",
      "Excel（エクセル）": "表計算ソフト。数値の集計やグラフ化、関数を使ったデータ分析などが行える。",
      "PowerPoint（パワーポイント）": "プレゼン資料を作成するためのソフト。スライドにテキストや画像、動画を挿入して視覚的に表現。",
      "Outlook（アウトルック）": "メールやスケジュール管理ソフト。ビジネスシーンでのやり取りやタスク管理に便利。",
      "Access（アクセス）": "データベース管理ソフト。顧客情報や在庫情報などを効率的に管理できる。",
      "Publisher（パブリッシャー）": "簡易的なDTPソフト。チラシやパンフレットなどのデザイン・レイアウトに活用。",
      "Office 2024買い切り版（永続ライセンス）": "一度買えば追加料金なしで使い続けられます。Word・Excel・PowerPointなど、付属のアプリは変わりませんが、アップグレードはできないため、バージョンアップごとに新規購入が必要になります。",
      "Microsoft 365サブスク型（Microsoft 365）": "月額または年額利用料金を支払うことで、常に最新のOfficeを使用することができます。OneDriveなどのクラウドストレージが利用できるため、デジタル環境を使いこなしたい方向けです。",
      "Office Personal / Office Home": "Word / Excel / Outlook",
      "Office Home & Bussiness": "Word / Excel / PowerPoint / Outlook",
      "Office Professional / Office Pro": "Word / Excel / PowerPoint / Outlook / Access / Publisher",
      "Microsoft 365（サブスク型）": "すべてのMicrosoftアプリ"
    }
  },
  {
    "url": "https://www.dospara.co.jp/note/tfc-laptop-cover.html",
    "name": "ノートパソコン カバーの必要性と失敗しない選び方",
    "price": null,
    "description": null,
    "specs": {
      "サイズの測り方": "内容",
      "画面サイズ（インチ）": "PCのディスプレイ対角線長を参考にカバーを探す",
      "縦横寸法": "メーカー公称値または実寸を測り、ゆとりのあるものを選ぶ",
      "厚み": "バッテリー形状や底面の凹凸を含めた厚みを確かめる"
    }
  },
  {
    "url": "https://www.dospara.co.jp/note/tfc-laptop-100yen-stand.html",
    "name": "100均ノートPCスタンドの魅力：手軽に始める快適デスクワーク",
    "price": null,
    "description": null,
    "specs": {}
  },
  {
    "url": "https://www.dospara.co.jp/note/tfc-laptop-corei5.html",
    "name": "ノートパソコン Core i5の実力を徹底解説！Core i5 ノートパソコンで快適作業を手に入れよう",
    "price": null,
    "description": null,
    "specs": {}
  },
  {
    "url": "https://www.dospara.co.jp/note/tfc-laptop-keyboard-cover.html",
    "name": "ノートパソコンの寿命を延ばす鍵？キーボードカバーのメリットと活用術",
    "price": null,
    "description": null,
    "specs": {}
  },
  {
    "url": "https://www.dospara.co.jp/note/tfc-laptop-missing-cursor.html",
    "name": "ノートパソコンのカーソルが出ない原因と今すぐできる解決策",
    "price": null,
    "description": null,
    "specs": {
      "確認項目": "説明",
      "マウスドライバ": "メーカーサイトから最新のドライバをダウンロードし、アップデートしてみる。デバイスマネージャーで「！」マークが出ていないか確認。",
      "セキュリティソフトとの競合": "ウイルス対策ソフトの機能が影響している場合もある。一時的に無効化して症状が改善されるかチェックする。"
    }
  },
  {
    "url": "https://www.dospara.co.jp/note/tfc-laptop-2in1.html",
    "name": "タブレットとノートパソコンが1つに！2in1ノートパソコンの特長とおすすめ",
    "price": null,
    "description": null,
    "specs": {}
  },
  {
    "url": "https://www.dospara.co.jp/note/tfc-laptop-vertical-stand.html",
    "name": "ノートパソコンを縦置きにして省スペース＆作業効率を高めよう",
    "price": null,
    "description": null,
    "specs": {}
  },
  {
    "url": "https://www.dospara.co.jp/note/tfc-laptop-market-price.html",
    "name": "ノートパソコン価格の相場を知って、失敗しないモデル選びをしよう",
    "price": null,
    "description": null,
    "specs": {}
  },
  {
    "url": "https://www.dospara.co.jp/note/tfc-laptop-power-discharge.html",
    "name": "ノートパソコンの放電をマスターして、バッテリーを長持ちさせよう！",
    "price": null,
    "description": null,
    "specs": {}
  },
  {
    "url": "https://www.dospara.co.jp/note/tfc-laptop-keyboard-unresponsive.html",
    "name": "ノートパソコンのキーボードが反応しないときの確認や解決方法について",
    "price": null,
    "description": null,
    "specs": {
      "原因": "主な特徴",
      "ドライバの不具合": "・最近ソフトウェアをインストール/アップデートした後に発生・デバイスマネージャーでエラー表示がある",
      "OSの問題": "・Windowsアップデート後やシステムクラッシュ後に反応しなくなる・他のアプリも同時に不具合を起こすことが多い",
      "キーボード本体の物理的故障": "・特定のキーのみ反応しない・液体こぼれや衝撃など明確な物理的要因がある"
    }
  },
  {
    "url": "https://www.dospara.co.jp/note/tfc-laptop-charger.html",
    "name": "ノートパソコンの充電器・ACアダプタを正しく選ぶポイントと注意点",
    "price": null,
    "description": null,
    "specs": {}
  },
  {
    "url": "https://www.dospara.co.jp/note/tfc-laptop-english-keyboard.html",
    "name": "ノートパソコンの英語名称と基礎知識｜今さら聞けない疑問をまるごと解消",
    "price": null,
    "description": null,
    "specs": {}
  },
  {
    "url": "https://www.dospara.co.jp/note/tfc-laptop-touchpad.html",
    "name": "ノートパソコン マウスパッドがもたらすメリットと選び方のコツを徹底解説",
    "price": null,
    "description": null,
    "specs": {}
  },
  {
    "url": "https://www.dospara.co.jp/note/tfc-laptop-latest.html",
    "name": "新時代のノートパソコンはここまで進化！最新機種の魅力を徹底紹介",
    "price": null,
    "description": null,
    "specs": {}
  },
  {
    "url": "https://www.dospara.co.jp/note/tfc-laptop-always-charging.html",
    "name": "ノートパソコンを充電しっぱなしで使うときに確認すべきポイント",
    "price": null,
    "description": null,
    "specs": {
      "メリット": "デメリット",
      "常に100％のバッテリー残量で使える": "バッテリーが過放電されず、充放電サイクルが乱れやすい",
      "急な外出でも準備不要": "ノートパソコン本体やバッテリーの発熱量が増える",
      "電源供給が安定しているため性能が落ちにくい": "バッテリー寿命が短くなる可能性がある"
    }
  },
  {
    "url": "https://www.dospara.co.jp/note/tfc-laptop-case.html",
    "name": "ノートパソコンケースの選び方｜おしゃれで実用的なモデルをサイズ別に紹介！",
    "price": null,
    "description": null,
    "specs": {
      "素材": "お手入れ方法",
      "レザー": "乾いた布で拭き、定期的にレザークリームを塗る。",
      "ネオプレン": "水拭き＆中性洗剤で洗浄可能。",
      "フェルト": "ブラシでホコリを落とし、洗剤を使わずに手洗い。"
    }
  },
  {
    "url": "https://www.dospara.co.jp/note/tfc-laptop-cpu.html",
    "name": "ノートパソコン CPUを選ぶために知っておきたい基礎知識と活用ガイド",
    "price": null,
    "description": null,
    "specs": {
      "指標": "説明",
      "クロック数": "GHzで表記。基本動作周波数とブースト時の最大周波数がある",
      "キャッシュ": "CPU内部にあるデータの一時保管領域。容量が大きいほど高効率",
      "TDP": "Thermal Design Powerの略。CPUが放出する熱量の目安となる"
    }
  },
  {
    "url": "https://www.dospara.co.jp/note/tfc-laptop-12inch.html",
    "name": "小型でもパワフル！12インチノートパソコンを選ぶメリットと注意点",
    "price": null,
    "description": null,
    "specs": {}
  },
  {
    "url": "https://www.dospara.co.jp/desktop/str_desk_life.html",
    "name": "デスクトップパソコンの寿命は何年？そして長持ちさせる方法とは",
    "price": null,
    "description": null,
    "specs": {
      "": "負荷率"
    }
  },
  {
    "url": "https://www.dospara.co.jp/note/tfc-laptop-10inch.html",
    "name": "ノートパソコン 10インチはここが便利！用途に合わせた選び方を解説",
    "price": null,
    "description": null,
    "specs": {}
  },
  {
    "url": "https://www.dospara.co.jp/note/tfc-laptop-power-not-turning-on.html",
    "name": "ノートパソコンの電源が入らない？考えられる原因と解決策を徹底解説！",
    "price": null,
    "description": null,
    "specs": {}
  },
  {
    "url": "https://www.dospara.co.jp/note/tfc-laptop-13inch.html",
    "name": "ノートパソコン 13インチを選ぶメリットと、注目すべきポイントとは？",
    "price": null,
    "description": null,
    "specs": {}
  },
  {
    "url": "https://www.dospara.co.jp/note/tfc-laptop-new.html",
    "name": "失敗しない！新品ノートPCを選ぶメリットと絶対に押さえたいポイント",
    "price": null,
    "description": null,
    "specs": {}
  },
  {
    "url": "https://www.dospara.co.jp/note/tfc-laptop-charging.html",
    "name": "ノートパソコンのバッテリーを活用するための方法",
    "price": null,
    "description": null,
    "specs": {}
  },
  {
    "url": "https://www.dospara.co.jp/note/tfc-laptop-backpack.html",
    "name": "通勤・通学が快適に！ノートパソコンリュックで身軽に持ち運ぶコツ",
    "price": null,
    "description": null,
    "specs": {
      "容量(リットル)": "主な用途・特徴",
      "15L以下": "軽量化重視。小型ノートPCやタブレット向け",
      "20L前後": "一般的な通勤・通学に最適。15インチPC対応",
      "25L以上": "出張や荷物が多い人におすすめ。大容量で安心"
    }
  },
  {
    "url": "https://www.dospara.co.jp/note/tfc-laptop-17inch.html",
    "name": "ノートパソコン17インチが選ばれる理由とメリット",
    "price": null,
    "description": null,
    "specs": {}
  },
  {
    "url": "https://www.dospara.co.jp/desktop/str_desk_plugsoket.html",
    "name": "デスクトップパソコンをコンセントにつなげっぱなしにするメリット・デメリット",
    "price": null,
    "description": null,
    "specs": {
      "OS": "Windows 11 Home",
      "CPU": "Ryzen 5 7500F",
      "グラフィックス": "GeForce RTX 5060",
      "メモリ": "16GBメモリ DDR5",
      "ストレージ": "500GB Gen4 SSD",
      "ベンチマーク": "12618"
    }
  },
  {
    "url": "https://www.dospara.co.jp/note/tfc-laptop-no-sound.html",
    "name": "ノートパソコンの音が出ないときに見直したい原因と解決策",
    "price": null,
    "description": null,
    "specs": {}
  },
  {
    "url": "https://www.dospara.co.jp/note/tfc-laptop-battery.html",
    "name": "ノートパソコンのバッテリーの「寿命」と「寿命を延ばす方法」",
    "price": null,
    "description": null,
    "specs": {
      "原因": "詳細",
      "高温低温": "過度な温度下での利用は化学的ストレスを増加させる",
      "過放電過充電": "通常の充電サイクルから外れた使い方をすると劣化が進む",
      "物理的衝撃": "衝撃でバッテリー内部の構造にダメージを与える可能性",
      "長期保管の不適切さ": "満充電や0％での保管は劣化を加速させる"
    }
  },
  {
    "url": "https://www.dospara.co.jp/note/tfc-laptop-memory.html",
    "name": "ノートパソコンのメモリを上手に選び・増設して快適性能を手に入れよう",
    "price": null,
    "description": null,
    "specs": {
      "用途": "推奨メモリ容量",
      "インターネット、文書作成、軽い作業": "4GB",
      "日常的な作業、動画視聴、オフィスソフト": "8GB",
      "動画編集、3Dモデリング、大容量のゲーム": "16GB以上"
    }
  },
  {
    "url": "https://www.dospara.co.jp/note/tfc-laptop-sticker.html",
    "name": "ノートパソコン ステッカーの魅力と活用術：初心者でも失敗しないデコレーション方法",
    "price": null,
    "description": null,
    "specs": {}
  },
  {
    "url": "https://www.dospara.co.jp/note/tfc-laptop-11inch.html",
    "name": "ノートパソコン 11インチが注目される理由と活用シーン",
    "price": null,
    "description": null,
    "specs": {}
  },
  {
    "url": "https://www.dospara.co.jp/note/str_note_battery.html",
    "name": "ノートパソコンのバッテリーの「寿命」と「寿命を延ばす方法」",
    "price": null,
    "description": null,
    "specs": {}
  },
  {
    "url": "https://www.dospara.co.jp/note/tfc-laptop-keycap-came-off.html",
    "name": "ノートパソコンのキーボードが外れた？原因から解決まで徹底解説",
    "price": null,
    "description": null,
    "specs": {}
  },
  {
    "url": "https://www.dospara.co.jp/note/tfc-laptop-as-external-monitor.html",
    "name": "ノートパソコンをモニター化するやり方を初心者向けに解説！メリットや注意点も紹介",
    "price": null,
    "description": null,
    "specs": {}
  },
  {
    "url": "https://www.dospara.co.jp/note/recommend-notepc.html",
    "name": "【2025年】ノートパソコンおすすめ9選！用途別の比較とスペック解説",
    "price": null,
    "description": null,
    "specs": {
      "CPU": "「Intel Core i7 / Core Ultra 7」「AMD Ryzen 7」以上",
      "GPU": "「GeForce RTX 4060」「Radeon RX 7600」以上",
      "メモリ": "最低：16GB、推奨：32GB 以上",
      "ストレージ": "最低：500GB、推奨：1TB 以上",
      "画面サイズ": "14インチ ～ 16インチ",
      "価格": "15 ～ 20万円"
    }
  },
  {
    "url": "https://www.dospara.co.jp/note/tfc-laptop-16gb.html",
    "name": "16GB搭載ノートPCはオーバースペック？実はそうではない理由を解説",
    "price": null,
    "description": null,
    "specs": {}
  },
  {
    "url": "https://www.dospara.co.jp/note/str_note_internet.html",
    "name": "ノートパソコンをインターネットに接続する方法を自宅や外出時など状況や用途別にご紹介",
    "price": null,
    "description": null,
    "specs": {
      "OS": "Windows 11 Home",
      "CPU": "Core i7-1355U",
      "グラフィックス": "インテル UHD",
      "メモリ": "8GBメモリ",
      "ストレージ": "500GB NVMe SSD",
      "ディスプレイ": "15.6インチ液晶 （1920x1080）"
    }
  },
  {
    "url": "https://www.dospara.co.jp/note/tfc-laptop-tenkey.html",
    "name": "ノートパソコンにテンキーを搭載するメリットと、失敗しない選び方",
    "price": null,
    "description": null,
    "specs": {}
  },
  {
    "url": "https://www.dospara.co.jp/note/tfc-laptop-high-spec.html",
    "name": "ノートパソコンでハイスペックを選ぶべき理由と最適なスペック構成とは？",
    "price": null,
    "description": null,
    "specs": {}
  },
  {
    "url": "https://www.dospara.co.jp/note/tfc-laptop-disposal.html",
    "name": "あなたのPC、捨てて大丈夫？データ消去からリサイクルまでの処分ガイド",
    "price": null,
    "description": null,
    "specs": {}
  },
  {
    "url": "https://www.dospara.co.jp/note/str_note_kbcleaning.html",
    "name": "ノートパソコンのキーボード掃除で必要な道具や手順、注意するポイントなどをご紹介",
    "price": null,
    "description": null,
    "specs": {
      "OS": "Windows 11 Home",
      "CPU": "Core i7-1355U",
      "グラフィックス": "インテル UHD",
      "メモリ": "8GBメモリ",
      "ストレージ": "500GB NVMe SSD",
      "ディスプレイ": "15.6インチ液晶 （1920x1080）"
    }
  },
  {
    "url": "https://www.dospara.co.jp/note/tfc-laptop-external-gpu.html",
    "name": "ノートパソコン 外付けグラボとは？仕組み・メリット・導入の流れを徹底解説",
    "price": null,
    "description": null,
    "specs": {}
  },
  {
    "url": "https://www.dospara.co.jp/note/tfc-laptop-ryzen.html",
    "name": "Ryzenノートパソコンが選ばれる理由：パフォーマンスとメリットを徹底解説",
    "price": null,
    "description": null,
    "specs": {}
  },
  {
    "url": "https://www.dospara.co.jp/note/tfc-laptop-mouse-not-working.html",
    "name": "ノートパソコンのマウスが動かないトラブルを解決する方法",
    "price": null,
    "description": null,
    "specs": {
      "チェック項目": "内容",
      "USBポートの場所を変える": "同じノートパソコンでもUSBポートが複数ある場合は別のポートで試す",
      "延長ケーブルを外す": "延長ケーブルやUSBハブが原因で電力不足が発生している可能性を確認",
      "他のUSBデバイスを外す": "同時接続している他の機器が干渉していることがある",
      "コネクタの向き・奥まで挿入確認": "USBコネクタが緩く、正しく差さっていないと認識できない"
    }
  },
  {
    "url": "https://www.dospara.co.jp/note/tfc-laptop-fan-noise.html",
    "name": "ノートパソコンのファンがうるさいときに確認すべき原因と最適な対処法とは",
    "price": null,
    "description": null,
    "specs": {}
  },
  {
    "url": "https://www.dospara.co.jp/note/str_note_life.html",
    "name": "ノートパソコンの寿命はどれくらい？ノートパソコンを延命するためのポイントを紹介",
    "price": "",
    "description": null,
    "specs": {}
  },
  {
    "url": "https://www.dospara.co.jp/note/str_note_memory.html",
    "name": "ノートパソコンのメモリ増設方法とそのメリット",
    "price": null,
    "description": null,
    "specs": {}
  },
  {
    "url": "https://www.dospara.co.jp/note/biz-contents-choose-home-notepc.html",
    "name": "ノートパソコン 家庭用｜選び方とおすすめモデル（2024年版）",
    "price": null,
    "description": null,
    "specs": {}
  },
  {
    "url": "https://www.dospara.co.jp/desktop/str_desk_cover.html",
    "name": "デスクトップパソコン用のカバーの種類と使用上の注意",
    "price": null,
    "description": null,
    "specs": {
      "OS": "Windows 11 Home",
      "CPU": "Ryzen 5 7500F",
      "グラフィックス": "GeForce RTX 5060",
      "メモリ": "16GBメモリ DDR5",
      "ストレージ": "500GB Gen4 SSD",
      "ベンチマーク": "12618"
    }
  },
  {
    "url": "https://www.dospara.co.jp/note/str_note_touchpad.html",
    "name": "ノートパソコンのタッチパッドについて、有効、無効化の方法や「タッチパッドジェスチャ」機能の使い方をご紹介",
    "price": null,
    "description": null,
    "specs": {
      "OS": "Windows 11 Home",
      "CPU": "Core i7-1355U",
      "グラフィックス": "インテル UHD",
      "メモリ": "8GBメモリ",
      "ストレージ": "500GB NVMe SSD",
      "ディスプレイ": "15.6インチ液晶 （1920x1080）"
    }
  },
  {
    "url": "https://www.dospara.co.jp/note/tfc-laptop-touchpanel.html",
    "name": "タッチパネル ノートパソコンが選ばれる理由と、後悔しないモデル選びのポイント",
    "price": null,
    "description": null,
    "specs": {
      "進化ポイント": "内容",
      "高精細ディスプレイ": "フルHDや4Kディスプレイを採用し、タッチ操作時の文字や画像の見やすさが大きく向上",
      "強化されたタッチセンサー": "反応速度が向上し、指先が軽く触れただけでも正確に反応。誤操作が減少し、スムーズな操作が可能に",
      "省電力設計": "高性能プロセッサや低消費電力ディスプレイの採用により、バッテリー駆動時間が伸び、外出先でも安心して使いやすい",
      "2-in-1対応の増加": "360度回転ヒンジや着脱式キーボードなど、タブレット形状としても使える「2-in-1ノートパソコン」への需要が拡大",
      "ペン入力対応": "スタイラスペンを利用したメモ書きやイラスト作成がより高度に楽しめる機種が増え、クリエイターや学生からの人気が高まりつつある"
    }
  },
  {
    "url": "https://www.dospara.co.jp/note/recommend-notepc-windows-installed.html",
    "name": "Windows搭載ノートパソコンおすすめモデルと選び方ガイド",
    "price": null,
    "description": null,
    "specs": {
      "CPU": "Intel Core i7 / AMD Ryzen 7 以上",
      "メモリ": "16GB または 32GB 以上",
      "ストレージ": "SSD 256GB 以上",
      "特徴": "ゲームや動画編集など、高負荷な作業に対応するハイスペックモデルが必要。",
      "おすすめの人": "ゲームや動画編集デザイン作業、写真加工を本格的に行いたい人",
      "おすすめPC": "GALLERIA R または X シリーズ",
      "ディスプレイ": "WQHD（2560×1440）、120Hz 以上",
      "GPU": "専用グラフィックス（グラボ）"
    }
  },
  {
    "url": "https://www.dospara.co.jp/note/tfc-laptop-keyboard-external.html",
    "name": "ノートパソコンの外付けキーボード導入で作業効率が劇的に変わる！その魅力と選び方とは？",
    "price": null,
    "description": null,
    "specs": {}
  },
  {
    "url": "https://www.dospara.co.jp/note/tfc-laptop-windows11.html",
    "name": "ノートパソコンのアップデートor買い替え？Windows 10ユーザー必見のWindows 11移行ガイド",
    "price": null,
    "description": null,
    "specs": {}
  },
  {
    "url": "https://www.dospara.co.jp/note/recommend-10-note-2025.html",
    "name": "【2025年】ノートパソコンおすすめ9選！用途別の比較とスペック解説",
    "price": null,
    "description": null,
    "specs": {
      "CPU": "「Intel Core i7 / Core Ultra 7」「AMD Ryzen 7」以上",
      "GPU": "「GeForce RTX 4060」「Radeon RX 7600」以上",
      "メモリ": "最低：16GB、推奨：32GB 以上",
      "ストレージ": "最低：500GB、推奨：1TB 以上",
      "画面サイズ": "14インチ ～ 16インチ",
      "価格": "15 ～ 20万円"
    }
  },
  {
    "url": "https://www.dospara.co.jp/note/tfc-laptop-monitor-connection.html",
    "name": "ノートパソコンにモニターを接続する方法：作業効率を劇的に向上させるガイド",
    "price": null,
    "description": null,
    "specs": {
      "端子": "特徴",
      "HDMI": "映像と音声をまとめて転送できる。テレビやプロジェクターなどにも広く普及しており、主流の端子。",
      "DisplayPort": "高解像度・高リフレッシュレートに対応。PC向けモニターでの利用が多く、音声伝送にも対応。",
      "VGA": "アナログ信号を扱う古い規格。解像度や画質がHDMIやDisplayPortに劣るが、レガシー環境で使われる場合もある。",
      "USB-C (Alt Mode)": "ノートパソコンによってはUSB-Cから映像出力が可能な場合がある。対応モニターやアダプターが必要。"
    }
  },
  {
    "url": "https://www.dospara.co.jp/note/str_note_lqcristal.html",
    "name": "ノートパソコンの液晶の種類とその仕様",
    "price": null,
    "description": null,
    "specs": {
      "OS": "Windows 11 Home",
      "CPU": "Core i7-1355U",
      "グラフィックス": "インテル UHD",
      "メモリ": "8GBメモリ",
      "ストレージ": "500GB NVMe SSD",
      "ディスプレイ": "15.6インチ液晶 （1920x1080）"
    }
  },
  {
    "url": "https://www.dospara.co.jp/note/tfc-laptop-recommend-business.html",
    "name": "ビジネス ノートパソコン おすすめポイントと選び方のコツ",
    "price": null,
    "description": null,
    "specs": {}
  },
  {
    "url": "https://www.dospara.co.jp/note/tfc-laptop-not-charging.html",
    "name": "ノートパソコンが充電できないときの原因と解決策",
    "price": null,
    "description": null,
    "specs": {}
  },
  {
    "url": "https://www.dospara.co.jp/desktop/cts_str_list_desk.html",
    "name": null,
    "price": null,
    "description": null,
    "specs": {}
  },
  {
    "url": "https://www.dospara.co.jp/note/cts_notepc_choice.html",
    "name": "初心者必見!ノートパソコンの選び方完全ガイド",
    "price": null,
    "description": null,
    "specs": {}
  },
  {
    "url": "https://www.dospara.co.jp/note/tfc-laptop-forced-shutdown.html",
    "name": "ノートパソコンを強制終了する正しい手順と注意点",
    "price": null,
    "description": null,
    "specs": {}
  },
  {
    "url": "https://www.dospara.co.jp/note/tfc-laptop-stylish.html",
    "name": "おしゃれ ノートパソコンを選ぶ際に知っておきたいチェックポイント",
    "price": null,
    "description": null,
    "specs": {}
  },
  {
    "url": "https://www.dospara.co.jp/note/tfc-laptop-ssd.html",
    "name": "SSDノートパソコンで快適作業！HDDとの違い選び方を徹底解説",
    "price": null,
    "description": null,
    "specs": {}
  },
  {
    "url": "https://www.dospara.co.jp/note/tfc-laptop-outlet.html",
    "name": "知らなきゃ損！アウトレットノートパソコンのメリットデメリットを徹底解説",
    "price": null,
    "description": null,
    "specs": {}
  },
  {
    "url": "https://www.dospara.co.jp/note/tfc-laptop-slim.html",
    "name": "薄型ノートパソコンで快適なPCライフを実現する方法",
    "price": null,
    "description": null,
    "specs": {
      "項目": "目安・解説",
      "CPU": "Intel Core i5以上、または同等クラス（Ryzen 5など）",
      "メモリ": "8GB以上が推奨。複数タブブラウジングや動画編集なら16GB"
    }
  },
  {
    "url": "https://www.dospara.co.jp/note/tfc-laptop-corei7.html",
    "name": "ノートパソコン Core i7（Core i7ノートパソコン）の実力とは？高性能を活かす選び方とおすすめモデル紹介",
    "price": null,
    "description": null,
    "specs": {}
  },
  {
    "url": "https://www.dospara.co.jp/note/biz-contents-recommended-school-students.html",
    "name": "小学生向けノートパソコンの選び方とおすすめモデル｜学びをサポートする1台を！",
    "price": null,
    "description": null,
    "specs": {}
  },
  {
    "url": "https://www.dospara.co.jp/note/best-value-notepc-reccomend.html",
    "name": "安いノートパソコンで大丈夫？コスパ重視のおすすめパソコンと選び方を解説",
    "price": null,
    "description": null,
    "specs": {
      "パーツ・スペック": "推奨スペック",
      "OS": "Windows 11 Home",
      "CPU": "インテル Core i7 / Ultra 7 以上AMD Ryzen 7 以上",
      "グラフィックス（GPU）": "NVIDIA GeForce RTX 3050 以上",
      "メモリ": "最低 16GB、できれば 32GB 以上",
      "ストレージ": "1TB 以上",
      "その他": "高解像度のディスプレイ"
    }
  },
  {
    "url": "https://www.dospara.co.jp/note/tfc-laptop-forgot-charger.html",
    "name": "ノートパソコンの充電器を忘れたらどうする？緊急時の対処法と予防ポイント",
    "price": null,
    "description": null,
    "specs": {
      "残量(%)": "目安稼働時間(時間)",
      "100～80": "2～5",
      "79～50": "1～2",
      "49～20": "30分～1",
      "19～0": "30分未満"
    }
  },
  {
    "url": "https://www.dospara.co.jp/note/tfc-laptop-inch-check.html",
    "name": "ノートパソコンのインチはこう調べる！正確な測定方法とサイズ選びのポイント",
    "price": null,
    "description": null,
    "specs": {}
  },
  {
    "url": "https://www.dospara.co.jp/note/str_peri_dualmonitor.html",
    "name": "デュアルモニター（デュアルディスプレイ）の設定方法や必要な機材や接続端子の規格を紹介",
    "price": null,
    "description": null,
    "specs": {
      "OS": "Windows 11 Home",
      "CPU": "Core i7-1355U",
      "グラフィックス": "インテル UHD",
      "メモリ": "8GBメモリ",
      "ストレージ": "500GB NVMe SSD",
      "ディスプレイ": "15.6インチ液晶 （1920x1080）"
    }
  },
  {
    "url": "https://www.dospara.co.jp/note/tfc-laptop-arm.html",
    "name": "ノートパソコン アームで作業効率アップ！選び方から設置のコツまで徹底解説",
    "price": null,
    "description": null,
    "specs": {}
  },
  {
    "url": "https://www.dospara.co.jp/note/tfc-laptop-screenshot.html",
    "name": "ノートパソコンのスクリーンショット：基本操作から便利な応用方法まで徹底解説",
    "price": null,
    "description": null,
    "specs": {
      "操作": "結果",
      "PrtScn": "画面全体をクリップボードにコピー",
      "機能": "Windows",
      "全画面のスクショ": "PrtScn",
      "ウィンドウのみ": "Alt + PrtScn",
      "範囲指定": "Snipping Tool / Win + Shift + S"
    }
  },
  {
    "url": "https://www.dospara.co.jp/note/cts_str_list_note.html",
    "name": null,
    "price": null,
    "description": null,
    "specs": {}
  },
  {
    "url": "https://www.dospara.co.jp/note/tfc-laptop-mobile-battery.html",
    "name": "ノートパソコンを外出先で充電するならモバイルバッテリーがおすすめ！選び方と使い方を徹底解説",
    "price": null,
    "description": null,
    "specs": {}
  }
]