[
  {
    "url": "https://www.dospara.co.jp/gamepc/collab-nobaman.html",
    "name": "",
    "price": null,
    "description": null,
    "specs": {}
  },
  {
    "url": "https://www.dospara.co.jp/gamepc/chachacha.html",
    "name": "",
    "price": null,
    "description": null,
    "specs": {}
  },
  {
    "url": "https://www.dospara.co.jp/create/raytrek-wacom.html",
    "name": "",
    "price": "PC本体価格円(税込)",
    "description": null,
    "specs": {}
  },
  {
    "url": "https://www.dospara.co.jp/gamepc/kuzuha.html",
    "name": "",
    "price": null,
    "description": null,
    "specs": {}
  },
  {
    "url": "https://www.dospara.co.jp/gamepc/and-galleria-summer-camp-2025.html",
    "name": "",
    "price": null,
    "description": null,
    "specs": {}
  },
  {
    "url": "https://www.dospara.co.jp/gamepc/synduality-ada.html",
    "name": "",
    "price": null,
    "description": null,
    "specs": {}
  },
  {
    "url": "https://www.dospara.co.jp/gamepc/amd-ryzen-feature.html",
    "name": "AMD Ryzen™ 搭載PC特集",
    "price": "",
    "description": null,
    "specs": {}
  },
  {
    "url": "https://www.dospara.co.jp/gamepc/gamer_census2024.html",
    "name": "",
    "price": null,
    "description": null,
    "specs": {}
  },
  {
    "url": "https://www.dospara.co.jp/gamepc/cts_str_gamepc_video_editing.html",
    "name": "ゲーミングPCは動画編集でも利用可能なのか？",
    "price": null,
    "description": null,
    "specs": {}
  },
  {
    "url": "https://www.dospara.co.jp/gamepc/ryza3.html",
    "name": "",
    "price": null,
    "description": null,
    "specs": {}
  },
  {
    "url": "https://www.dospara.co.jp/gamepc/iid-award2024.html",
    "name": null,
    "price": null,
    "description": null,
    "specs": {}
  },
  {
    "url": "https://www.dospara.co.jp/create/orbital2_orbital2sterna.html",
    "name": "クリエイター向けPC「GALLERIA（ガレリア）」",
    "price": null,
    "description": null,
    "specs": {}
  },
  {
    "url": "https://www.dospara.co.jp/gamepc/cts-tgs2025.html",
    "name": "",
    "price": null,
    "description": null,
    "specs": {}
  },
  {
    "url": "https://www.dospara.co.jp/gamepc/cts_str_gamepc_used_merit_demerit.html",
    "name": "中古ゲーミングPCの選び方｜おすすめの人・しない人を徹底解説",
    "price": null,
    "description": null,
    "specs": {}
  },
  {
    "url": "https://www.dospara.co.jp/gamepc/great-deal-pc-device-set.html",
    "name": "ゲーミングPCはデバイスとセットで購入がおすすめ！",
    "price": null,
    "description": null,
    "specs": {}
  },
  {
    "url": "https://www.dospara.co.jp/gamepc/cts_galleria_corsair.html",
    "name": null,
    "price": null,
    "description": null,
    "specs": {}
  },
  {
    "url": "https://www.dospara.co.jp/gamepc/hi-firush.html",
    "name": null,
    "price": null,
    "description": null,
    "specs": {}
  },
  {
    "url": "https://www.dospara.co.jp/gamepc/ncsoft.html",
    "name": "",
    "price": null,
    "description": null,
    "specs": {}
  },
  {
    "url": "https://www.dospara.co.jp/gamepc/and-galleria-spring-camp-2024.html",
    "name": "",
    "price": null,
    "description": null,
    "specs": {}
  },
  {
    "url": "https://www.dospara.co.jp/gamepc/cts_str_gamepc_power_cost_saving.html",
    "name": "ゲーミングPCの電気代は一般PCの約２倍！８つの節電対策とは",
    "price": null,
    "description": null,
    "specs": {}
  },
  {
    "url": "https://www.dospara.co.jp/gamepc/str_pcuse_steam.html",
    "name": "Steamとは？基本的な使い方をご紹介",
    "price": null,
    "description": null,
    "specs": {
      "OS": "Windows 11 Home",
      "CPU": "Core Ultra 7 265F",
      "グラフィックス": "GeForce RTX 5070 12GB",
      "メモリ": "32GBメモリ DDR5",
      "ストレージ": "500GB Gen4 SSD",
      "ベンチマーク": "計測中",
      "ディスプレイ": "15.6インチ液晶 （1920×1080）"
    }
  },
  {
    "url": "https://www.dospara.co.jp/create/ibispaint.html",
    "name": "クリエイター向けPC「GALLERIA（ガレリア）」",
    "price": null,
    "description": null,
    "specs": {}
  },
  {
    "url": "https://www.dospara.co.jp/gamepc/str_gamepc_charges.html",
    "name": "ゲーミングPCの電気代、消費電力についてご紹介",
    "price": "",
    "description": null,
    "specs": {
      "": "負荷率",
      "OS": "Windows 11 Home",
      "CPU": "Core Ultra 7 265F",
      "グラフィックス": "GeForce RTX 5070 12GB",
      "メモリ": "32GBメモリ DDR5",
      "ストレージ": "500GB Gen4 SSD",
      "ベンチマーク": "計測中",
      "ディスプレイ": "15.6インチ液晶 （1920×1080）"
    }
  },
  {
    "url": "https://www.dospara.co.jp/create/nighthike-late2024-campaign.html",
    "name": "",
    "price": null,
    "description": null,
    "specs": {}
  },
  {
    "url": "https://www.dospara.co.jp/gamepc/cts_galleria_nijisanji_summer2023.html",
    "name": "",
    "price": null,
    "description": null,
    "specs": {}
  },
  {
    "url": "https://www.dospara.co.jp/gamepc/3dmark-timespy.html",
    "name": "ゲーミングPCベンチマーク（性能比較）",
    "price": null,
    "description": null,
    "specs": {}
  },
  {
    "url": "https://www.dospara.co.jp/gamepc/algs2024.html",
    "name": "",
    "price": null,
    "description": null,
    "specs": {}
  },
  {
    "url": "https://www.dospara.co.jp/gamepc/cts_str_gamepc_stutter_cause_fix.html",
    "name": "PCゲームが一瞬カクつく原因とは？対処法を解説",
    "price": null,
    "description": null,
    "specs": {
      "OS": "Windows 11 Home",
      "CPU": "Core Ultra 7 265F",
      "グラフィックス": "GeForce RTX 5070 12GB",
      "メモリ": "16GBメモリ DDR5",
      "ストレージ": "500GB Gen4 SSD",
      "ベンチマーク": "21598",
      "ディスプレイ": "15.6インチ液晶 （1920×1080）"
    }
  },
  {
    "url": "https://www.dospara.co.jp/gamepc/cts_collab_crazyraccoon.html",
    "name": "",
    "price": null,
    "description": null,
    "specs": {}
  },
  {
    "url": "https://www.dospara.co.jp/gamepc/gamepc-mistake.html",
    "name": "後悔しない！ゲーミングPCでよくある失敗6選とその対策・解決方法",
    "price": null,
    "description": null,
    "specs": {
      "OS": "Windows 11 Home",
      "CPU": "Ryzen 5 7500F",
      "グラフィックス": "GeForce RTX 5060",
      "メモリ": "16GBメモリ DDR5",
      "ストレージ": "500GB Gen4 SSD",
      "ベンチマーク": "12618",
      "ディスプレイ": "15.6インチ液晶 （1920×1080）"
    }
  },
  {
    "url": "https://www.dospara.co.jp/gamepc/nachoneko.html",
    "name": "",
    "price": null,
    "description": null,
    "specs": {}
  },
  {
    "url": "https://www.dospara.co.jp/gamepc/gaming-pc-select-cost-performance.html",
    "name": "コスパで選ぶゲーミングPC！おすすめの選び方解説",
    "price": null,
    "description": null,
    "specs": {
      "価格帯": "おすすめの用途",
      "～15万円": "出費を抑えて人気eスポーツゲーム（FPS・シューティング）をフルHD（1920×1080）でプレイ",
      "15万円～20万円": "スキル発動など、処理の重いFPSゲームやRPGをフルHDの標準画質設定で楽しむ",
      "20万円～30万円": "WQHD（2560×1440）解像度でのゲームプレイや、ゲーム実況配信、クリエイティブにも挑戦する",
      "OS": "Windows 11 Home",
      "CPU": "Ryzen 7 9800X3D",
      "グラフィックス": "GeForce RTX 5070 Ti 16GB",
      "メモリ": "32GBメモリ DDR5",
      "ストレージ": "1TB Gen4 SSD",
      "ベンチマーク": "24426",
      "ディスプレイ": "15.6インチ液晶 （1920×1080）"
    }
  },
  {
    "url": "https://www.dospara.co.jp/gamepc/hedt.html",
    "name": "",
    "price": null,
    "description": null,
    "specs": {}
  },
  {
    "url": "https://www.dospara.co.jp/gamepc/cts_collab_yufuna.html",
    "name": null,
    "price": null,
    "description": null,
    "specs": {}
  },
  {
    "url": "https://www.dospara.co.jp/gamepc/dq3.html",
    "name": "",
    "price": null,
    "description": null,
    "specs": {}
  },
  {
    "url": "https://www.dospara.co.jp/gamepc/tgcsky.html",
    "name": "",
    "price": null,
    "description": null,
    "specs": {}
  },
  {
    "url": "https://www.dospara.co.jp/gamepc/asus-rog-ally.html",
    "name": "",
    "price": null,
    "description": null,
    "specs": {}
  },
  {
    "url": "https://www.dospara.co.jp/create/tourbox.html",
    "name": "クリエイター向けPC「GALLERIA（ガレリア）」",
    "price": null,
    "description": null,
    "specs": {}
  },
  {
    "url": "https://www.dospara.co.jp/gamepc/mhwilds.html",
    "name": "",
    "price": null,
    "description": null,
    "specs": {
      "解像度": "2160p（4K）",
      "フレームレート": "60fps※フレーム生成使用",
      "OS": "Windows®10(64-bit Required)/Windows®11(64-bit Required)",
      "プロセッサ": "Intel® Core™ i5-11600KIntel® Core™ i5-12400AMD Ryzen™ 7 5800XAMD Ryzen™ 7 7700",
      "メモリー": "16GB",
      "グラフィックカード": "NVIDIA® GeForce® RTX 4070 Ti （VRAM 12GB）NVIDIA® GeForce® RTX 4070 Ti Super（VRAM 16GB）AMD Radeon™ RX 7800 XT（VRAM 16GB）",
      "VRAM": "12GB以上必須（高解像度テクスチャパック適用時 16GB以上必須）",
      "ストレージ": "75GB　SSD（無料追加コンテンツ：高解像度テクスチャパック導入時 150GB）",
      "備考": "SSD(必須)、グラフィック「ウルトラ」設定で、2160p(アップスケール使用)/60fps(フレーム生成使用)のゲームプレイが可能です。DirectStorage対応。"
    }
  },
  {
    "url": "https://www.dospara.co.jp/gamepc/dqdai.html",
    "name": "",
    "price": null,
    "description": null,
    "specs": {}
  },
  {
    "url": "https://www.dospara.co.jp/gamepc/gaming-pc-full-tower.html",
    "name": "フルタワーゲーミングPC特集",
    "price": null,
    "description": null,
    "specs": {}
  },
  {
    "url": "https://www.dospara.co.jp/gamepc/cts_collab_masanorich.html",
    "name": null,
    "price": null,
    "description": null,
    "specs": {}
  },
  {
    "url": "https://www.dospara.co.jp/gamepc/str_gamepc_recording.html",
    "name": "ゲーミングPCのパソコン画面録画ソフト（キャプチャーソフト）で代表的なものをご紹介",
    "price": null,
    "description": null,
    "specs": {
      "OS": "Windows 11 Home",
      "CPU": "Core Ultra 7 265F",
      "グラフィックス": "GeForce RTX 5070 12GB",
      "メモリ": "32GBメモリ DDR5",
      "ストレージ": "500GB Gen4 SSD",
      "ベンチマーク": "計測中",
      "ディスプレイ": "15.6インチ液晶 （1920×1080）"
    }
  },
  {
    "url": "https://www.dospara.co.jp/gamepc/cts-algs2024s1-champion.html",
    "name": null,
    "price": null,
    "description": null,
    "specs": {}
  },
  {
    "url": "https://www.dospara.co.jp/gamepc/nvidia-ai-notepc.html",
    "name": "",
    "price": null,
    "description": null,
    "specs": {
      "": "AI パフォーマンス",
      "GeForce RTX 4090Laptop GPU": "686 AI TOPS",
      "GeForce RTX 4080Laptop GPU": "542 AI TOPS",
      "GeForce RTX 4070Laptop GPU": "321 AI TOPS",
      "GeForce RTX 4060Laptop GPU": "233 AI TOPS",
      "GeForce RTX 4050Laptop GPU": "194 AI TOPS"
    }
  },
  {
    "url": "https://www.dospara.co.jp/gamepc/str_gamepc_3parts.html",
    "name": "ゲーミングPCとは？普通のPCとの違いと基礎知識解説",
    "price": null,
    "description": null,
    "specs": {
      "GeForceシリーズ": "",
      "Radeonシリーズ": "",
      "Intel Arcシリーズ": "",
      "内蔵GPU": "",
      "OS": "Windows 11 Home",
      "CPU": "Core i7-13620H",
      "グラフィックス": "GeForce RTX 4050 6GB Laptop GPU",
      "メモリ": "16GBメモリ DDR5",
      "ストレージ": "500GB SSD",
      "ベンチマーク": "9031",
      "ディスプレイ": "15.6インチ液晶 （1920×1080）"
    }
  },
  {
    "url": "https://www.dospara.co.jp/gamepc/cts_collab_alphad.html",
    "name": null,
    "price": null,
    "description": null,
    "specs": {}
  },
  {
    "url": "https://www.dospara.co.jp/gamepc/gaming-pc-middle-tower.html",
    "name": "ミドルタワーゲーミングPC特集",
    "price": null,
    "description": null,
    "specs": {
      "OS": "Windows 11 Home",
      "CPU": "Core Ultra 7 265F",
      "グラフィックス": "GeForce RTX 5060 Ti 16GB",
      "メモリ": "16GBメモリ DDR5",
      "ストレージ": "1TB Gen4 SSD",
      "ベンチマーク": "16126"
    }
  },
  {
    "url": "https://www.dospara.co.jp/gamepc/newgalleria2025.html",
    "name": "",
    "price": null,
    "description": null,
    "specs": {}
  },
  {
    "url": "https://www.dospara.co.jp/gamepc/kunitsu-gami.html",
    "name": "",
    "price": null,
    "description": null,
    "specs": {}
  },
  {
    "url": "https://www.dospara.co.jp/gamepc/str_gamepc_mmd.html",
    "name": "MMDに必要なスペックとは？MMDを最大限楽しむためのパソコン推奨スペックとは？",
    "price": null,
    "description": null,
    "specs": {
      "OS": "Windows 11 Home",
      "CPU": "Core Ultra 7 265F",
      "グラフィックス": "GeForce RTX 5070 12GB",
      "メモリ": "32GBメモリ DDR5",
      "ストレージ": "500GB Gen4 SSD",
      "ベンチマーク": "計測中",
      "ディスプレイ": "15.6インチ液晶 （1920×1080）"
    }
  },
  {
    "url": "https://www.dospara.co.jp/gamepc/yumia.html",
    "name": "",
    "price": null,
    "description": null,
    "specs": {}
  },
  {
    "url": "https://www.dospara.co.jp/gamepc/gaming-pc-mini-tower.html",
    "name": "ミニタワーゲーミングPC特集",
    "price": null,
    "description": null,
    "specs": {
      "OS": "Windows 11 Home",
      "CPU": "Ryzen 7 7700",
      "グラフィックス": "GeForce RTX 5060",
      "メモリ": "16GBメモリ DDR5",
      "ストレージ": "1TB Gen4 SSD",
      "ベンチマーク": "13535"
    }
  },
  {
    "url": "https://www.dospara.co.jp/gamepc/tieclan.html",
    "name": "",
    "price": null,
    "description": null,
    "specs": {}
  },
  {
    "url": "https://www.dospara.co.jp/gamepc/ul9c-r59-8a.html",
    "name": "",
    "price": null,
    "description": null,
    "specs": {}
  },
  {
    "url": "https://www.dospara.co.jp/create/creator-summer2023.html",
    "name": null,
    "price": null,
    "description": null,
    "specs": {}
  },
  {
    "url": "https://www.dospara.co.jp/gamepc/search-for-pc-by-game-title.html",
    "name": "タイトル毎のFPSがわかる！ゲームタイトルからパソコンを探そう",
    "price": null,
    "description": null,
    "specs": {}
  },
  {
    "url": "https://www.dospara.co.jp/gamepc/amd-ryzen-9000-series.html",
    "name": "",
    "price": null,
    "description": null,
    "specs": {}
  },
  {
    "url": "https://www.dospara.co.jp/create/ableton_live.html",
    "name": null,
    "price": null,
    "description": null,
    "specs": {
      "OS": "",
      "CPU": "",
      "メモリ": "",
      "グラフィック": ""
    }
  },
  {
    "url": "https://www.dospara.co.jp/create/sleepfreaks.html",
    "name": "",
    "price": null,
    "description": null,
    "specs": {}
  },
  {
    "url": "https://www.dospara.co.jp/create/tcc-exhibition-2023.html",
    "name": "第5・6回のフォトコンテストの受賞作品と\"写真・動画編集向けPC\"、\"東京カメラ部10選アンバサダー監修モデル\"のタッチ&トライコーナーを特別展示",
    "price": null,
    "description": null,
    "specs": {}
  },
  {
    "url": "https://www.dospara.co.jp/gamepc/and-galleria-winter-camp-2024.html",
    "name": "",
    "price": null,
    "description": null,
    "specs": {}
  },
  {
    "url": "https://www.dospara.co.jp/gamepc/valorant-challengers-japan.html",
    "name": null,
    "price": null,
    "description": null,
    "specs": {}
  },
  {
    "url": "https://www.dospara.co.jp/gamepc/cts-collab-pokopea.html",
    "name": "",
    "price": null,
    "description": null,
    "specs": {}
  },
  {
    "url": "https://www.dospara.co.jp/gamepc/blackops7.html",
    "name": "",
    "price": null,
    "description": null,
    "specs": {}
  },
  {
    "url": "https://www.dospara.co.jp/gamepc/300hz-gamingnote.html",
    "name": null,
    "price": null,
    "description": null,
    "specs": {}
  },
  {
    "url": "https://www.dospara.co.jp/gamepc/armoredcorevi.html",
    "name": "",
    "price": null,
    "description": null,
    "specs": {}
  },
  {
    "url": "https://www.dospara.co.jp/create/note-a4r-r6rl.html",
    "name": "ビジネス向けノートPC",
    "price": null,
    "description": null,
    "specs": {
      "OS": "Windows 11 Pro",
      "CPU": "Core Ultra 9 185H",
      "グラフィックス": "RTX 2000 Ada GDDR6 8GB Laptop GPU",
      "メモリ": "32GBメモリ DDR5",
      "ストレージ": "2TB NVMe SSD",
      "ディスプレイ": "16インチ液晶 （3840x2400）"
    }
  },
  {
    "url": "https://www.dospara.co.jp/gamepc/cts_collab_shibuyaharu.html",
    "name": null,
    "price": null,
    "description": null,
    "specs": {}
  },
  {
    "url": "https://www.dospara.co.jp/gamepc/cts_str_gamepc_recommendations-top10.html",
    "name": "ゲーミングPCおすすめランキング",
    "price": null,
    "description": null,
    "specs": {}
  },
  {
    "url": "https://www.dospara.co.jp/gamepc/fate.html",
    "name": "",
    "price": null,
    "description": null,
    "specs": {
      "OS": "",
      "CPU": "",
      "グラフィック": "",
      "メモリ": "",
      "ストレージ": ""
    }
  },
  {
    "url": "https://www.dospara.co.jp/create/cubase.html",
    "name": null,
    "price": null,
    "description": null,
    "specs": {
      "OS": "",
      "CPU": "",
      "メモリ": "",
      "グラフィック": ""
    }
  },
  {
    "url": "https://www.dospara.co.jp/gamepc/and-galleria-winter-camp-2023.html",
    "name": null,
    "price": null,
    "description": null,
    "specs": {}
  },
  {
    "url": "https://www.dospara.co.jp/gamepc/cp-ff16.html",
    "name": "ゲーム推奨モデル ゲーミングPC",
    "price": null,
    "description": null,
    "specs": {}
  },
  {
    "url": "https://www.dospara.co.jp/gamepc/and-galleria-summer-camp-2024.html",
    "name": "",
    "price": null,
    "description": null,
    "specs": {}
  },
  {
    "url": "https://www.dospara.co.jp/gamepc/hit.html",
    "name": "",
    "price": null,
    "description": null,
    "specs": {}
  },
  {
    "url": "https://www.dospara.co.jp/gamepc/cts-collab-fennel.html",
    "name": null,
    "price": null,
    "description": null,
    "specs": {}
  },
  {
    "url": "https://www.dospara.co.jp/create/raytrek_wacom.html",
    "name": null,
    "price": null,
    "description": null,
    "specs": {}
  },
  {
    "url": "https://www.dospara.co.jp/gamepc/str_gamepc_gamingmonitor.html",
    "name": "ゲーミングモニターとは？ゲーミングモニター選びで知っておきたい「リフレッシュレート」やその他の用語を解説",
    "price": null,
    "description": null,
    "specs": {
      "OS": "Windows 11 Home",
      "CPU": "Core Ultra 7 265F",
      "グラフィックス": "GeForce RTX 5070 12GB",
      "メモリ": "32GBメモリ DDR5",
      "ストレージ": "500GB Gen4 SSD",
      "ベンチマーク": "計測中",
      "ディスプレイ": "15.6インチ液晶 （1920×1080）"
    }
  },
  {
    "url": "https://www.dospara.co.jp/gamepc/and-galleria-autumn-camp-2024.html",
    "name": null,
    "price": "100名様",
    "description": null,
    "specs": {}
  },
  {
    "url": "https://www.dospara.co.jp/gamepc/cts_ffxiv_endwalker.html",
    "name": null,
    "price": null,
    "description": null,
    "specs": {}
  },
  {
    "url": "https://www.dospara.co.jp/gamepc/thefinals.html",
    "name": null,
    "price": null,
    "description": null,
    "specs": {}
  },
  {
    "url": "https://www.dospara.co.jp/gamepc/premiumgamingnote-x.html",
    "name": null,
    "price": null,
    "description": null,
    "specs": {}
  },
  {
    "url": "https://www.dospara.co.jp/create/wacom.html",
    "name": "",
    "price": "PC本体価格円(税込)",
    "description": null,
    "specs": {}
  },
  {
    "url": "https://www.dospara.co.jp/gamepc/cts_str_gamepc_laptop_not_recommended.html",
    "name": "ゲーミングノートPCをおすすめしないと言われる理由",
    "price": null,
    "description": null,
    "specs": {}
  },
  {
    "url": "https://www.dospara.co.jp/create/nighthike-early2025-campaign.html",
    "name": "",
    "price": null,
    "description": null,
    "specs": {}
  },
  {
    "url": "https://www.dospara.co.jp/gamepc/codmw3.html",
    "name": null,
    "price": null,
    "description": null,
    "specs": {}
  },
  {
    "url": "https://www.dospara.co.jp/gamepc/cts_str_gamepc_spec_guide_recommend.html",
    "name": "ゲーミングPCのスペック目安とレベル別おすすめモデルを大公開！",
    "price": null,
    "description": null,
    "specs": {
      "CPU": "Core i9-14900KF",
      "Intel® Core™ i7": "滑らかな動きと高解像度のグラフィックス",
      "Intel® Core™ i9": "4K解像度で最高レベルの性能",
      "OS": "Windows 11 Home",
      "グラフィックス": "GeForce RTX 4070 Ti SUPER 16GB",
      "メモリ": "32GBメモリ DDR5",
      "ストレージ": "1TB Gen4 SSD/2TB HDD",
      "サイズ": "16インチ"
    }
  },
  {
    "url": "https://www.dospara.co.jp/gamepc/gamemakers.html",
    "name": "",
    "price": null,
    "description": null,
    "specs": {}
  },
  {
    "url": "https://www.dospara.co.jp/gamepc/white-color-pc.html",
    "name": "白いゲーミングPC！ホワイトガレリア特集",
    "price": null,
    "description": null,
    "specs": {
      "OS": "Windows 11 Home",
      "CPU": "Ryzen 5 4500",
      "グラフィックス": "GeForce RTX 3050 6GB",
      "メモリ": "8GBメモリ",
      "ストレージ": "500GB Gen4 SSD",
      "ベンチマーク": "5142",
      "モニタサイズ": "27(ワイド)インチ",
      "表面仕様": "非光沢",
      "パネル方式": "IPS",
      "最大解像度": "2560×1440(WQHD)",
      "応答速度": "0.5ms(MPRT) ※オーバードライブ時",
      "リフレッシュレート（最大）": "ネイティブ240Hz",
      "スピーカー": "2W×2",
      "入力端子": "HDMI 2.0×2DisplayPort 1.4×1",
      "カラー": "ホワイト系",
      "外形寸法": "約127.1×63.9×39.9mm",
      "重量": "約240g",
      "接続": "3.5mm",
      "キーレイアウト": "日本語配列",
      "キースイッチ": "GXメカニカル",
      "アクチュエーションポイント": "0.1～4.0mm",
      "機能": "ラピッドトリガー",
      "ケーブル長": "1.3m",
      "タイプ": "光学式",
      "センサー": "第 2 世代 Focus Pro 35K オプティカルセンサー",
      "解像度": "最大 35000 DPI",
      "ポーリングレート": "最大8000Hz",
      "ドライバーユニット": "50mm",
      "インピーダンス": "32Ω",
      "周波数特性(ヘッドホン)": "12Hz～28kHz",
      "周波数特性(マイク)": "100Hz～10kHz"
    }
  },
  {
    "url": "https://www.dospara.co.jp/gamepc/cts_str_list_gamepc.html",
    "name": null,
    "price": null,
    "description": null,
    "specs": {}
  },
  {
    "url": "https://www.dospara.co.jp/gamepc/gaming-pc-streamer.html",
    "name": "ゲーム実況・ゲーム配信向けのおすすめゲーミングPC特集",
    "price": null,
    "description": null,
    "specs": {
      "CPU": "Core Ultra 9 285K",
      "グラフィックス": "GeForce RTX 5080 16GB",
      "メモリ": "32GBメモリ DDR5",
      "ストレージ": "2TB Gen4 SSD",
      "OS": "Windows 11 Home",
      "ベンチマーク": "27819",
      "モニタサイズ": "27(ワイド)インチ",
      "表面仕様": "非光沢",
      "パネル方式": "IPS",
      "最大解像度": "2560×1440(WQHD)",
      "応答速度": "0.5ms(MPRT) ※オーバードライブ時",
      "リフレッシュレート（最大）": "ネイティブ240Hz",
      "スピーカー": "2W×2",
      "入力端子": "HDMI 2.0×2DisplayPort 1.4×1",
      "カラー": "ブラック系",
      "外形寸法": "196×115×115mm",
      "重量": "230g",
      "接続": "USB",
      "タイプ": "光学式",
      "解像度": "最大 35000 DPI",
      "ポーリングレート": "最大8000Hz",
      "センサー": "第 2 世代 Focus Pro 35K オプティカルセンサー",
      "ケーブル長": "2m",
      "キーレイアウト": "日本語配列",
      "キースイッチ": "第2世代 Razer アナログオプティカルスイッチ",
      "アクチュエーションポイント": "0.1～4.0mm",
      "機能": "ラピッドトリガー",
      "ドライバーユニット": "ハイブリッドメッシュPRO-G 50mm",
      "インピーダンス": "35Ω",
      "周波数特性(ヘッドホン)": "20Hz～20kHz",
      "周波数特性(マイク)": "100Hz～10kHz",
      "周波数特性": "20Hz～20kHz"
    }
  },
  {
    "url": "https://www.dospara.co.jp/gamepc/office-gamingpc.html",
    "name": null,
    "price": "",
    "description": null,
    "specs": {}
  },
  {
    "url": "https://www.dospara.co.jp/gamepc/dti_riotgamesone2024_wide.html",
    "name": null,
    "price": null,
    "description": null,
    "specs": {}
  },
  {
    "url": "https://www.dospara.co.jp/create/nighthike-late2025-campaign.html",
    "name": "",
    "price": null,
    "description": null,
    "specs": {}
  },
  {
    "url": "https://www.dospara.co.jp/gamepc/and-galleria-vspofes2025.html",
    "name": "",
    "price": null,
    "description": null,
    "specs": {}
  },
  {
    "url": "https://www.dospara.co.jp/gamepc/cts_str_gamepc_work_usefulness.html",
    "name": "ゲーミングPCは仕事用パソコンとして役に立つのか？",
    "price": null,
    "description": null,
    "specs": {}
  },
  {
    "url": "https://www.dospara.co.jp/create/MediBangPaint.html",
    "name": "クリエイター向けPC「GALLERIA（ガレリア）」",
    "price": null,
    "description": null,
    "specs": {}
  },
  {
    "url": "https://www.dospara.co.jp/gamepc/cts_tgs2023.html",
    "name": "",
    "price": null,
    "description": null,
    "specs": {
      "2023.09.15": "ブースパース公開!GUEST・EVENT追加情報更新!",
      "2023.09.12": "GUEST・EVENT情報公開!",
      "2023.09.04": "GALLERIA BASE in TGS 2023 特設ページOPEN!"
    }
  },
  {
    "url": "https://www.dospara.co.jp/gamepc/cts_galleria_nijisanji_koshien2024.html",
    "name": "",
    "price": null,
    "description": null,
    "specs": {}
  },
  {
    "url": "https://www.dospara.co.jp/gamepc/lineage-remasterd.html",
    "name": null,
    "price": null,
    "description": null,
    "specs": {}
  },
  {
    "url": "https://www.dospara.co.jp/gamepc/wolong.html",
    "name": null,
    "price": null,
    "description": null,
    "specs": {}
  },
  {
    "url": "https://www.dospara.co.jp/gamepc/cts_elden_ring.html",
    "name": null,
    "price": null,
    "description": null,
    "specs": {}
  },
  {
    "url": "https://www.dospara.co.jp/gamepc/cts_collab_anninmiru.html",
    "name": null,
    "price": null,
    "description": null,
    "specs": {}
  },
  {
    "url": "https://www.dospara.co.jp/gamepc/ffxiv_dawntrail.html",
    "name": "",
    "price": "円(税込)",
    "description": null,
    "specs": {}
  },
  {
    "url": "https://www.dospara.co.jp/gamepc/str_gamepc_obsstudio.html",
    "name": "OBS Studioの使い方、ゲーム実況やライブ配信で使われる定番のソフトのインストールから設定方法までをご紹介",
    "price": null,
    "description": null,
    "specs": {
      "OS": "Windows 11 Home",
      "CPU": "Core Ultra 7 265F",
      "グラフィックス": "GeForce RTX 5070 12GB",
      "メモリ": "32GBメモリ DDR5",
      "ストレージ": "500GB Gen4 SSD",
      "ベンチマーク": "計測中",
      "ディスプレイ": "15.6インチ液晶 （1920×1080）"
    }
  },
  {
    "url": "https://www.dospara.co.jp/gamepc/ryu-ga-gotoku-eight.html",
    "name": null,
    "price": null,
    "description": null,
    "specs": {}
  },
  {
    "url": "https://www.dospara.co.jp/create/studio_one.html",
    "name": null,
    "price": null,
    "description": null,
    "specs": {
      "OS": "",
      "CPU": "",
      "メモリ": "",
      "グラフィック": ""
    }
  },
  {
    "url": "https://www.dospara.co.jp/gamepc/monster-hunter-wilds.html",
    "name": "",
    "price": null,
    "description": null,
    "specs": {
      "解像度": "2160p（4K）",
      "フレームレート": "60fps※フレーム生成使用",
      "OS": "Windows®10(64-bit Required)/Windows®11(64-bit Required)",
      "プロセッサ": "Intel® Core™ i5-11600KIntel® Core™ i5-12400AMD Ryzen™ 7 5800XAMD Ryzen™ 7 7700",
      "メモリー": "16GB",
      "グラフィックカード": "NVIDIA® GeForce® RTX 4070 Ti （VRAM 12GB）NVIDIA® GeForce® RTX 4070 Ti Super（VRAM 16GB）AMD Radeon™ RX 7800 XT（VRAM 16GB）",
      "VRAM": "12GB以上必須（高解像度テクスチャパック適用時 16GB以上必須）",
      "ストレージ": "75GB　SSD（無料追加コンテンツ：高解像度テクスチャパック導入時 150GB）",
      "備考": "SSD(必須)、グラフィック「ウルトラ」設定で、2160p(アップスケール使用)/60fps(フレーム生成使用)のゲームプレイが可能です。DirectStorage対応。"
    }
  },
  {
    "url": "https://www.dospara.co.jp/gamepc/collab-kagura-nana.html",
    "name": "",
    "price": null,
    "description": null,
    "specs": {}
  },
  {
    "url": "https://www.dospara.co.jp/gamepc/galleria-reco-ryzen.html",
    "name": "",
    "price": null,
    "description": null,
    "specs": {}
  },
  {
    "url": "https://www.dospara.co.jp/gamepc/cts_collab_detonator.html",
    "name": null,
    "price": null,
    "description": null,
    "specs": {}
  },
  {
    "url": "https://www.dospara.co.jp/gamepc/recommend-gaming-notepc.html",
    "name": "ゲーミングノートPCがアツい！おすすめの選び方を徹底解説",
    "price": null,
    "description": null,
    "specs": {
      "OS：": "",
      "画面サイズ：": "",
      "CPU：": "",
      "グラフィック：": "",
      "メモリ：": "",
      "ストレージ：": ""
    }
  },
  {
    "url": "https://www.dospara.co.jp/gamepc/collab-nigu.html",
    "name": null,
    "price": null,
    "description": null,
    "specs": {}
  },
  {
    "url": "https://www.dospara.co.jp/gamepc/reject.html",
    "name": "",
    "price": null,
    "description": null,
    "specs": {}
  },
  {
    "url": "https://www.dospara.co.jp/gamepc/and-galleria-winter-camp-2025.html",
    "name": "",
    "price": null,
    "description": null,
    "specs": {}
  },
  {
    "url": "https://www.dospara.co.jp/gamepc/str_gamepc_fps.html",
    "name": "フレームレート(fps)とは？ゲーミングPCにおすすめの設定と豆知識",
    "price": null,
    "description": null,
    "specs": {
      "OS": "Windows 11 Home",
      "CPU": "Ryzen 7 7700",
      "グラフィックス": "GeForce RTX 5070 12GB",
      "メモリ": "16GBメモリ DDR5",
      "ストレージ": "500GB Gen4 SSD",
      "ベンチマーク": "20258",
      "モニタサイズ": "27(ワイド)インチ",
      "表面仕様": "非光沢",
      "パネル方式": "IPS",
      "最大解像度": "2560×1440(WQHD)",
      "応答速度": "0.5ms(MPRT) ※オーバードライブ時",
      "リフレッシュレート（最大）": "ネイティブ240Hz",
      "スピーカー": "2W×2",
      "入力端子": "HDMI 2.0×2DisplayPort 1.4×1",
      "カラー": "ホワイト系",
      "外形寸法": "(スタンド付き)W615×H438～568×D207mm(スタンドなし)W615×H363.8×D46mm",
      "重量": "(スタンド付き)約4.7kg(スタンドなし)約3.7kg"
    }
  },
  {
    "url": "https://www.dospara.co.jp/gamepc/blackops6.html",
    "name": "",
    "price": null,
    "description": null,
    "specs": {}
  },
  {
    "url": "https://www.dospara.co.jp/create/new-note2023.html",
    "name": "ビジネス向けノートPC",
    "price": null,
    "description": null,
    "specs": {
      "OS": "Windows 11 Pro",
      "CPU": "Core Ultra 9 185H",
      "グラフィックス": "RTX 2000 Ada GDDR6 8GB Laptop GPU",
      "メモリ": "32GBメモリ DDR5",
      "ストレージ": "2TB NVMe SSD",
      "ディスプレイ": "16インチ液晶 （3840x2400）"
    }
  },
  {
    "url": "https://www.dospara.co.jp/gamepc/str_gamepc_capture.html",
    "name": "キャプチャーボードについて、ゲーミングPCユーザーなら知っておきたいキャプチャーボードやソフトの知識",
    "price": null,
    "description": null,
    "specs": {
      "OS": "Windows 11 Home",
      "CPU": "Core Ultra 7 265F",
      "グラフィックス": "GeForce RTX 5070 12GB",
      "メモリ": "32GBメモリ DDR5",
      "ストレージ": "500GB Gen4 SSD",
      "ベンチマーク": "計測中",
      "ディスプレイ": "15.6インチ液晶 （1920×1080）"
    }
  },
  {
    "url": "https://www.dospara.co.jp/gamepc/sonicxshadow.html",
    "name": "",
    "price": null,
    "description": null,
    "specs": {}
  },
  {
    "url": "https://www.dospara.co.jp/gamepc/ff7-rebirth.html",
    "name": "",
    "price": null,
    "description": null,
    "specs": {
      "動作基準": "60FPS/2160ｐ※グラフィックプリセット「高」",
      "OS": "Windows® 11 64bit",
      "CPU": "AMD Ryzen™ 7 5700XIntel® Core™ i7-10700",
      "GPU": "AMD Radeon™ RX 7900 XTXNVIDIA® GeForce® RTX 4080",
      "メモリ": "16GB",
      "ストレージの必要容量": "155GB SSD必須",
      "備考": "※4Kモニターでプレイする場合はGPUメモリは12GB以上が推奨となります。"
    }
  },
  {
    "url": "https://www.dospara.co.jp/create/dtm-starter-set.html",
    "name": null,
    "price": null,
    "description": null,
    "specs": {}
  },
  {
    "url": "https://www.dospara.co.jp/gamepc/cts-galleria-sakuraaoi.html",
    "name": "",
    "price": null,
    "description": null,
    "specs": {}
  },
  {
    "url": "https://www.dospara.co.jp/gamepc/cts_collab_vspo.html",
    "name": "",
    "price": null,
    "description": null,
    "specs": {}
  },
  {
    "url": "https://www.dospara.co.jp/gamepc/and-galleria-red-bull-hg2024.html",
    "name": null,
    "price": null,
    "description": null,
    "specs": {}
  },
  {
    "url": "https://www.dospara.co.jp/gamepc/cts-and-galleria-summer-camp-2023.html",
    "name": null,
    "price": null,
    "description": null,
    "specs": {}
  },
  {
    "url": "https://www.dospara.co.jp/create/nighthike-mid2025-campaign.html",
    "name": "",
    "price": null,
    "description": null,
    "specs": {}
  },
  {
    "url": "https://www.dospara.co.jp/gamepc/cts-tgs2024.html",
    "name": "",
    "price": null,
    "description": null,
    "specs": {}
  },
  {
    "url": "https://www.dospara.co.jp/gamepc/entrygamingnote.html",
    "name": "",
    "price": null,
    "description": null,
    "specs": {}
  },
  {
    "url": "https://www.dospara.co.jp/gamepc/and-galleria-spring-camp-2025.html",
    "name": "",
    "price": null,
    "description": null,
    "specs": {}
  },
  {
    "url": "https://www.dospara.co.jp/gamepc/iid-award2023.html",
    "name": null,
    "price": null,
    "description": null,
    "specs": {}
  },
  {
    "url": "https://www.dospara.co.jp/create/10min-dtm.html",
    "name": "",
    "price": null,
    "description": null,
    "specs": {}
  },
  {
    "url": "https://www.dospara.co.jp/gamepc/streetfighter6.html",
    "name": "",
    "price": "",
    "description": null,
    "specs": {}
  },
  {
    "url": "https://www.dospara.co.jp/gamepc/ryugagotoku-ik.html",
    "name": null,
    "price": null,
    "description": null,
    "specs": {}
  },
  {
    "url": "https://www.dospara.co.jp/gamepc/iid-award2022.html",
    "name": null,
    "price": null,
    "description": null,
    "specs": {}
  },
  {
    "url": "https://www.dospara.co.jp/gamepc/cts-and-galleria-spring-camp-2023.html",
    "name": "",
    "price": null,
    "description": null,
    "specs": {}
  },
  {
    "url": "https://www.dospara.co.jp/gamepc/cts_about_gamepc.html",
    "name": "ゲーミングPCとは？普通のPCとの違いと基礎知識解説",
    "price": null,
    "description": null,
    "specs": {
      "GeForceシリーズ": "",
      "Radeonシリーズ": "",
      "Intel Arcシリーズ": "",
      "内蔵GPU": "",
      "OS": "Windows 11 Home",
      "CPU": "Core i7-13620H",
      "グラフィックス": "GeForce RTX 4050 6GB Laptop GPU",
      "メモリ": "16GBメモリ DDR5",
      "ストレージ": "500GB SSD",
      "ベンチマーク": "9031",
      "ディスプレイ": "15.6インチ液晶 （1920×1080）"
    }
  },
  {
    "url": "https://www.dospara.co.jp/gamepc/office-gamer.html",
    "name": null,
    "price": null,
    "description": null,
    "specs": {}
  },
  {
    "url": "https://www.dospara.co.jp/gamepc/collab-syusetukohaku.html",
    "name": "",
    "price": null,
    "description": null,
    "specs": {}
  },
  {
    "url": "https://www.dospara.co.jp/gamepc/dreamhack-2023-galleria.html",
    "name": "",
    "price": null,
    "description": null,
    "specs": {}
  },
  {
    "url": "https://www.dospara.co.jp/gamepc/cts_str_gamepc_recommend.html",
    "name": "初心者必見！おすすめゲーミングPCと選び方のポイント解説",
    "price": null,
    "description": null,
    "specs": {
      "OS：": "",
      "CPU：": "",
      "グラフィック：": "",
      "メモリ：": "",
      "ストレージ：": "",
      "画面サイズ：": ""
    }
  },
  {
    "url": "https://www.dospara.co.jp/gamepc/algs.html",
    "name": "",
    "price": null,
    "description": null,
    "specs": {}
  },
  {
    "url": "https://www.dospara.co.jp/create/office-createpc.html",
    "name": null,
    "price": "",
    "description": null,
    "specs": {}
  },
  {
    "url": "https://www.dospara.co.jp/gamepc/starrail.html",
    "name": "ガレリアおすすめパソコンのご紹介",
    "price": null,
    "description": null,
    "specs": {
      "ストレージ": "20GB以上の空き容量",
      "OS": "Windows 10 64ビット版またはそれ以上",
      "プロセッサ": "Intel Core i7 またはそれ以上のスペック",
      "メモリー": "8GB またはそれ以上のスペック",
      "グラフィックカード": "NVIDIA GTX 1060 またはそれ以上のスペック"
    }
  }
]